ENEHKNTKYAE884LHH4,https://apps.apple.com/redeem?ctx=offercodes&id=6753663295&code=ENEHKNTKYAE884LHH4
73LRLPWMMHJY83ME8R,https://apps.apple.com/redeem?ctx=offercodes&id=6753663295&code=73LRLPWMMHJY83ME8R
ANEKYHXWXHTYAME36L,https://apps.apple.com/redeem?ctx=offercodes&id=6753663295&code=ANEKYHXWXHTYAME36L
YXP4EMX4TMJ84F6F4N,https://apps.apple.com/redeem?ctx=offercodes&id=6753663295&code=YXP4EMX4TMJ84F6F4N
N446YA7N7TYK7YFTF4,https://apps.apple.com/redeem?ctx=offercodes&id=6753663295&code=N446YA7N7TYK7YFTF4
WF8KRYX4HLH8Y8PEXF,https://apps.apple.com/redeem?ctx=offercodes&id=6753663295&code=WF8KRYX4HLH8Y8PEXF
YFTJ3ER8WMEPJTLK6X,https://apps.apple.com/redeem?ctx=offercodes&id=6753663295&code=YFTJ3ER8WMEPJTLK6X
E77FA3HT4NNPRRHLAK,https://apps.apple.com/redeem?ctx=offercodes&id=6753663295&code=E77FA3HT4NNPRRHLAK
4HFARWAJY36WJAMYKN,https://apps.apple.com/redeem?ctx=offercodes&id=6753663295&code=4HFARWAJY36WJAMYKN
X7AW7KF6NLK4Y7WEPE,https://apps.apple.com/redeem?ctx=offercodes&id=6753663295&code=X7AW7KF6NLK4Y7WEPE
E4X87RYKXA43TN4TPM,https://apps.apple.com/redeem?ctx=offercodes&id=6753663295&code=E4X87RYKXA43TN4TPM
M37YR6NHJW88AN4WXN,https://apps.apple.com/redeem?ctx=offercodes&id=6753663295&code=M37YR6NHJW88AN4WXN
YE7RLHLRJMREFF7YW6,https://apps.apple.com/redeem?ctx=offercodes&id=6753663295&code=YE7RLHLRJMREFF7YW6
P3N6M6J4WNY7NFKFRH,https://apps.apple.com/redeem?ctx=offercodes&id=6753663295&code=P3N6M6J4WNY7NFKFRH
WLKHKY4TWT3FJHXHAE,https://apps.apple.com/redeem?ctx=offercodes&id=6753663295&code=WLKHKY4TWT3FJHXHAE
XK6NXAR6HXRLXX8H3X,https://apps.apple.com/redeem?ctx=offercodes&id=6753663295&code=XK6NXAR6HXRLXX8H3X
WXJAW6JWN3EN8HFXNT,https://apps.apple.com/redeem?ctx=offercodes&id=6753663295&code=WXJAW6JWN3EN8HFXNT
YJKP8MAPJH4P37TTMA,https://apps.apple.com/redeem?ctx=offercodes&id=6753663295&code=YJKP8MAPJH4P37TTMA
JH6L487HELAE8EMN8P,https://apps.apple.com/redeem?ctx=offercodes&id=6753663295&code=JH6L487HELAE8EMN8P
TY7E34APTTWT7J8H7A,https://apps.apple.com/redeem?ctx=offercodes&id=6753663295&code=TY7E34APTTWT7J8H7A
7LWN4M6JFXFREFNAYP,https://apps.apple.com/redeem?ctx=offercodes&id=6753663295&code=7LWN4M6JFXFREFNAYP
L4LPHXP3TJLLEAENKP,https://apps.apple.com/redeem?ctx=offercodes&id=6753663295&code=L4LPHXP3TJLLEAENKP
X8FXWPAJRLAXWHM7M6,https://apps.apple.com/redeem?ctx=offercodes&id=6753663295&code=X8FXWPAJRLAXWHM7M6
JLXT38RTAHJNKF3H6J,https://apps.apple.com/redeem?ctx=offercodes&id=6753663295&code=JLXT38RTAHJNKF3H6J
3RA7RN6X48LEHXT86T,https://apps.apple.com/redeem?ctx=offercodes&id=6753663295&code=3RA7RN6X48LEHXT86T
8HL6MET4F4P3LFKRE4,https://apps.apple.com/redeem?ctx=offercodes&id=6753663295&code=8HL6MET4F4P3LFKRE4
YPETKW3MEK3TMEJXXA,https://apps.apple.com/redeem?ctx=offercodes&id=6753663295&code=YPETKW3MEK3TMEJXXA
4NNRYKTNL4L3T7KXX7,https://apps.apple.com/redeem?ctx=offercodes&id=6753663295&code=4NNRYKTNL4L3T7KXX7
73KL86LMWLM3LRT6R4,https://apps.apple.com/redeem?ctx=offercodes&id=6753663295&code=73KL86LMWLM3LRT6R4
X7FRMN373NY3EEAELL,https://apps.apple.com/redeem?ctx=offercodes&id=6753663295&code=X7FRMN373NY3EEAELL
E6J8K6KNJXJNT664XM,https://apps.apple.com/redeem?ctx=offercodes&id=6753663295&code=E6J8K6KNJXJNT664XM
KJRHMYXR7PEK6FXWKA,https://apps.apple.com/redeem?ctx=offercodes&id=6753663295&code=KJRHMYXR7PEK6FXWKA
3J7JTJJER7NW874KWT,https://apps.apple.com/redeem?ctx=offercodes&id=6753663295&code=3J7JTJJER7NW874KWT
WKPPXL8LR3PT6RY834,https://apps.apple.com/redeem?ctx=offercodes&id=6753663295&code=WKPPXL8LR3PT6RY834
RAHL7RKMWN3EM7FHML,https://apps.apple.com/redeem?ctx=offercodes&id=6753663295&code=RAHL7RKMWN3EM7FHML
48W43A6TJNTMFTHMH8,https://apps.apple.com/redeem?ctx=offercodes&id=6753663295&code=48W43A6TJNTMFTHMH8
HFNWAYXP6RPW76KWEA,https://apps.apple.com/redeem?ctx=offercodes&id=6753663295&code=HFNWAYXP6RPW76KWEA
4TJRRFRFXX4A4EFW6L,https://apps.apple.com/redeem?ctx=offercodes&id=6753663295&code=4TJRRFRFXX4A4EFW6L
8FM7RR86PPLY3J7L6T,https://apps.apple.com/redeem?ctx=offercodes&id=6753663295&code=8FM7RR86PPLY3J7L6T
PL4H666WEYP7F6P4EH,https://apps.apple.com/redeem?ctx=offercodes&id=6753663295&code=PL4H666WEYP7F6P4EH
A6PMPPKHY4PRJ6NTMA,https://apps.apple.com/redeem?ctx=offercodes&id=6753663295&code=A6PMPPKHY4PRJ6NTMA
8Y43WKWHKFMP47KE8W,https://apps.apple.com/redeem?ctx=offercodes&id=6753663295&code=8Y43WKWHKFMP47KE8W
Y36R876J73KK7N8H7F,https://apps.apple.com/redeem?ctx=offercodes&id=6753663295&code=Y36R876J73KK7N8H7F
J6TEFHEN7HNP8TREAA,https://apps.apple.com/redeem?ctx=offercodes&id=6753663295&code=J6TEFHEN7HNP8TREAA
TXEXAM7YLXYK4H8M4H,https://apps.apple.com/redeem?ctx=offercodes&id=6753663295&code=TXEXAM7YLXYK4H8M4H
ANWRHWPJTNF66R7K4T,https://apps.apple.com/redeem?ctx=offercodes&id=6753663295&code=ANWRHWPJTNF66R7K4T
XAFW8XFJ6PMK6HR388,https://apps.apple.com/redeem?ctx=offercodes&id=6753663295&code=XAFW8XFJ6PMK6HR388
K3A8KAEYNHNKT86WR3,https://apps.apple.com/redeem?ctx=offercodes&id=6753663295&code=K3A8KAEYNHNKT86WR3
NAPXYAKWRRK8M8XY67,https://apps.apple.com/redeem?ctx=offercodes&id=6753663295&code=NAPXYAKWRRK8M8XY67
LHKFWFPXM8ERELAW6R,https://apps.apple.com/redeem?ctx=offercodes&id=6753663295&code=LHKFWFPXM8ERELAW6R
TEPK77H76PPALYLP7W,https://apps.apple.com/redeem?ctx=offercodes&id=6753663295&code=TEPK77H76PPALYLP7W
NXKPXKR8FRAERJJN8F,https://apps.apple.com/redeem?ctx=offercodes&id=6753663295&code=NXKPXKR8FRAERJJN8F
LEE6P8RE84EX4WF6JE,https://apps.apple.com/redeem?ctx=offercodes&id=6753663295&code=LEE6P8RE84EX4WF6JE
EK6NYFTA3KFXW4A8NF,https://apps.apple.com/redeem?ctx=offercodes&id=6753663295&code=EK6NYFTA3KFXW4A8NF
4XK4EN8AT3JFY3MW6L,https://apps.apple.com/redeem?ctx=offercodes&id=6753663295&code=4XK4EN8AT3JFY3MW6L
6NANLKHXHP37MJ87LE,https://apps.apple.com/redeem?ctx=offercodes&id=6753663295&code=6NANLKHXHP37MJ87LE
WFRLE4YXE6EHJWK33Y,https://apps.apple.com/redeem?ctx=offercodes&id=6753663295&code=WFRLE4YXE6EHJWK33Y
PM7EN6P8HNPTKY7TPL,https://apps.apple.com/redeem?ctx=offercodes&id=6753663295&code=PM7EN6P8HNPTKY7TPL
PXLR4J4E4PANJLRENR,https://apps.apple.com/redeem?ctx=offercodes&id=6753663295&code=PXLR4J4E4PANJLRENR
KR3HJAE7YXLWJHPLJF,https://apps.apple.com/redeem?ctx=offercodes&id=6753663295&code=KR3HJAE7YXLWJHPLJF
3AHEFPN4JNJRTPHRFR,https://apps.apple.com/redeem?ctx=offercodes&id=6753663295&code=3AHEFPN4JNJRTPHRFR
W8XFA8HERL76RHYRMF,https://apps.apple.com/redeem?ctx=offercodes&id=6753663295&code=W8XFA8HERL76RHYRMF
FHAM76HYM8PX8EWRTA,https://apps.apple.com/redeem?ctx=offercodes&id=6753663295&code=FHAM76HYM8PX8EWRTA
YPF8RKJ3T87HYNKTTJ,https://apps.apple.com/redeem?ctx=offercodes&id=6753663295&code=YPF8RKJ3T87HYNKTTJ
ME87PH8MNMKWLLXN3P,https://apps.apple.com/redeem?ctx=offercodes&id=6753663295&code=ME87PH8MNMKWLLXN3P
4X4FH68MXKJYKF4PKL,https://apps.apple.com/redeem?ctx=offercodes&id=6753663295&code=4X4FH68MXKJYKF4PKL
WKAJ7LPK77HT7XWPP8,https://apps.apple.com/redeem?ctx=offercodes&id=6753663295&code=WKAJ7LPK77HT7XWPP8
XY3TTKJKYM4T8XWTAJ,https://apps.apple.com/redeem?ctx=offercodes&id=6753663295&code=XY3TTKJKYM4T8XWTAJ
N883AJPRXHHL3KE3P4,https://apps.apple.com/redeem?ctx=offercodes&id=6753663295&code=N883AJPRXHHL3KE3P4
JA4L77NTKLFAWWHAKF,https://apps.apple.com/redeem?ctx=offercodes&id=6753663295&code=JA4L77NTKLFAWWHAKF
WXEL83KXHYKE848JFR,https://apps.apple.com/redeem?ctx=offercodes&id=6753663295&code=WXEL83KXHYKE848JFR
JJEJH47A8RKYM7XKWA,https://apps.apple.com/redeem?ctx=offercodes&id=6753663295&code=JJEJH47A8RKYM7XKWA
RNWMF77AMA67AEKYYF,https://apps.apple.com/redeem?ctx=offercodes&id=6753663295&code=RNWMF77AMA67AEKYYF
PFJ8WKYH7HWENNLYA4,https://apps.apple.com/redeem?ctx=offercodes&id=6753663295&code=PFJ8WKYH7HWENNLYA4
7KHMM7HR4Y7JLPR74X,https://apps.apple.com/redeem?ctx=offercodes&id=6753663295&code=7KHMM7HR4Y7JLPR74X
HFJ46XT3WFEKJAMRNY,https://apps.apple.com/redeem?ctx=offercodes&id=6753663295&code=HFJ46XT3WFEKJAMRNY
X87E7JKHNH3FA6JXEL,https://apps.apple.com/redeem?ctx=offercodes&id=6753663295&code=X87E7JKHNH3FA6JXEL
JPMRLXHHEMJPEHHTEL,https://apps.apple.com/redeem?ctx=offercodes&id=6753663295&code=JPMRLXHHEMJPEHHTEL
44H6J3TRWH8MHTNLER,https://apps.apple.com/redeem?ctx=offercodes&id=6753663295&code=44H6J3TRWH8MHTNLER
REW4H4MHFPFLRY8XM3,https://apps.apple.com/redeem?ctx=offercodes&id=6753663295&code=REW4H4MHFPFLRY8XM3
WKR3NPXEJ74RYF6MJN,https://apps.apple.com/redeem?ctx=offercodes&id=6753663295&code=WKR3NPXEJ74RYF6MJN
KH6EPLAENJHYHKEMJ4,https://apps.apple.com/redeem?ctx=offercodes&id=6753663295&code=KH6EPLAENJHYHKEMJ4
L867WN6J4A8NYJ8WWN,https://apps.apple.com/redeem?ctx=offercodes&id=6753663295&code=L867WN6J4A8NYJ8WWN
XTLW3RP7TH44ERAXRP,https://apps.apple.com/redeem?ctx=offercodes&id=6753663295&code=XTLW3RP7TH44ERAXRP
77FH7PHJ4ATPX6J784,https://apps.apple.com/redeem?ctx=offercodes&id=6753663295&code=77FH7PHJ4ATPX6J784
A7FTF4NTPFEK8TRN8K,https://apps.apple.com/redeem?ctx=offercodes&id=6753663295&code=A7FTF4NTPFEK8TRN8K
P8XEMTKFEFFTMN3HA8,https://apps.apple.com/redeem?ctx=offercodes&id=6753663295&code=P8XEMTKFEFFTMN3HA8
X6KRJ6X3MFF8NLJ6FA,https://apps.apple.com/redeem?ctx=offercodes&id=6753663295&code=X6KRJ6X3MFF8NLJ6FA
8ARMKLYFAYLTX8PELF,https://apps.apple.com/redeem?ctx=offercodes&id=6753663295&code=8ARMKLYFAYLTX8PELF
MJXTH8TRFK8AR4NYPA,https://apps.apple.com/redeem?ctx=offercodes&id=6753663295&code=MJXTH8TRFK8AR4NYPA
AWLHKL7LKR3TEL8TYW,https://apps.apple.com/redeem?ctx=offercodes&id=6753663295&code=AWLHKL7LKR3TEL8TYW
W8JLTHLYKPXKEL677H,https://apps.apple.com/redeem?ctx=offercodes&id=6753663295&code=W8JLTHLYKPXKEL677H
8KM86JHKP4PW74TW4L,https://apps.apple.com/redeem?ctx=offercodes&id=6753663295&code=8KM86JHKP4PW74TW4L
TEP6H6NNET68A6XHWH,https://apps.apple.com/redeem?ctx=offercodes&id=6753663295&code=TEP6H6NNET68A6XHWH
LT8E8FJT7XMEAXHTLT,https://apps.apple.com/redeem?ctx=offercodes&id=6753663295&code=LT8E8FJT7XMEAXHTLT
EATPNLXJXAE6HA3PN7,https://apps.apple.com/redeem?ctx=offercodes&id=6753663295&code=EATPNLXJXAE6HA3PN7
7MP3EWAT4Y3XFF6PNL,https://apps.apple.com/redeem?ctx=offercodes&id=6753663295&code=7MP3EWAT4Y3XFF6PNL
8RPYRXFYT8AAE8XW3P,https://apps.apple.com/redeem?ctx=offercodes&id=6753663295&code=8RPYRXFYT8AAE8XW3P
XWEPEN36HYAERNEJAN,https://apps.apple.com/redeem?ctx=offercodes&id=6753663295&code=XWEPEN36HYAERNEJAN
RALPL8LHT7TRNJY3M4,https://apps.apple.com/redeem?ctx=offercodes&id=6753663295&code=RALPL8LHT7TRNJY3M4